<?xml version="1.0" encoding="UTF-8"?>
<project-private xmlns="http://www.netbeans.org/ns/project-private/1">
    <editor-bookmarks xmlns="http://www.netbeans.org/ns/editor-bookmarks/2" lastBookmarkId="0"/>
    <open-files xmlns="http://www.netbeans.org/ns/projectui-open-files/2">
        <group>
            <file>file:/C:/Users/J76785/Documents/git/expedited-project/src/expedition/game_elements/Event.java</file>
            <file>file:/C:/Users/J76785/Documents/git/expedited-project/src/expedition/game_tools/items/Exchange.java</file>
            <file>file:/C:/Users/J76785/Documents/git/expedited-project/src/expedition/game_elements/Environment.java</file>
            <file>file:/C:/Users/J76785/Documents/git/expedited-project/src/expedition/TestMain.java</file>
            <file>file:/C:/Users/J76785/Documents/git/expedited-project/src/expedition/Expedition.java</file>
            <file>file:/C:/Users/J76785/Documents/git/expedited-project/src/expedition/game_tools/Encounter.java</file>
            <file>file:/C:/Users/J76785/Documents/git/expedited-project/src/expedition/game_tools/StatusEffect.java</file>
            <file>file:/C:/Users/J76785/Documents/git/expedited-project/src/expedition/game_tools/character_tools/Character.java</file>
            <file>file:/C:/Users/J76785/Documents/git/expedited-project/src/expedition/map/Location.java</file>
            <file>file:/C:/Users/J76785/Documents/git/expedited-project/src/expedition/game_tools/character_tools/Race.java</file>
            <file>file:/C:/Users/J76785/Documents/git/expedited-project/src/expedition/game_tools/character_tools/Ability.java</file>
            <file>file:/C:/Users/J76785/Documents/git/expedited-project/src/expedition/Frame.java</file>
            <file>file:/C:/Users/J76785/Documents/git/expedited-project/src/expedition/map/Amphione/Charleont.java</file>
            <file>file:/C:/Users/J76785/Documents/git/expedited-project/src/expedition/game_tools/items/Item.java</file>
        </group>
    </open-files>
</project-private>
